Workbook

Sheet README
A1: Checking and cleaning the field records
A3: Source: field_records_messy.csv -- one season of spring wheat field records, constructed to contain the eight data-quality issues from Module 3. Harvest weights are consistent with yield x acres, so the columns can be checked against each other.
A5: Sheets:
A6: Data -- the raw file exactly as imported. Never edited.
A7: Checks -- summary statistics, a category count and a duplicate count that expose the issues.
A8: Clean -- the cleaned dataset, built entirely with formulas from the Data sheet, so every fix is visible and repeatable.
A10: The eight issues and where they are handled:
A11: 1. Awkward column names -- renamed in row 1 of Clean
A12: 2. Text in a numeric column -- harvest weight unit stripped in Clean column F
A13: 3. Duplicate rows -- counted on Checks; flagged in Clean column I
A14: 4. Missing-value codes -- -99, N/A, missing, 9999 blanked in Clean columns E and H
A15: 5. Impossible values -- the -12 and 1250 yields blanked in Clean column E
... A18: 8. Mixed date formats -- parsed to real dates in Clean column C

Sheet RawData
A1: Field ID | B1: VARIETY_NAME | C1: SeededDate | D1: Acres | E1: Yield (bu/ac) | F1: harvest weight | G1: N rate | H1: Moisture %
A2: F001 | B2: AAC Viewfield | C2: 06-01-2026 | D2: 160 | E2: 67.6 | F2: 297.7 t | G2: 97.1 | H2: 12.4
A3: F002 | B3: Brandon | C3: 2026-05-13 | D3: 320 | E3: 54.9 | F3: 476.0 t | G3: 96.2 | H3: 14.7
A4: F003 | B4: CDC Landmark | C4: 2026/06/04 | D4: 120 | E4: 54.4 | F4: 172.6 t | G4: 0.081 | H4: 12.3
A5: F004 | B5: Brandon AAC | C5: Jun-18-2026 | D5: 320 | E5: -99 | F5: 642.5 t | G5: 116.7 | H5: 15.4
A6: F005 | B6: CDC Landmark | C6: 06-06-2026 | D6: 320 | E6: 65.8 | F6: 561.5 t | G6: 89.9 | H6: 12.3
A7: F006 | B7: Brndon | C7: 2026-05-24 | D7: 160 | E7: 50.8 | F7: 222.8 t | G7: 0.113 | H7: N/A
A8: F007 | B8: AAC Viewfield | C8: 2026/06/07 | D8: 80 | E8: -12 | F8: 138.6 t | G8: 135.9 | H8: 14.5
A9: F008 | B9: AAC Brandon | C9: May-18-2026 | D9: 160 | E9: 60.3 | F9: 264.0 t | G9: 127.3 | H9: 12.4
A10: F009 | B10: CDC Landmark | C10: 05-20-2026 | D10: 160 | E10: 51.5 | F10: 226.5 t | G10: 0.081 | H10: 13.7
A11: F010 | B11: Brandon | C11: 2026-05-19 | D11: 160 | E11: 58.9 | F11: 256.6 t | G11: 92.4 | H11: 16.4
A12: F011 | B12: CDC Landmark | C12: 2026/05/18 | D12: 320 | E12: 54.4 | F12: 481.3 t | G12: 82.9 | H12: 12
A13: F012 | B13: Brandon AAC | C13: May-17-2026 | D13: 240 | E13: 62 | F13: 402.2 t | G13: 0.103 | H13: 13.5
A14: F013 | B14: AAC Viewfield | C14: 05-18-2026 | D14: 240 | E14: 41.5 | F14: 269.8 t | G14: 82.7 | H14: 16.5
A15: F014 | B15: Brndon | C15: 2026-05-20 | D15: 160 | E15: 57.8 | F15: 249.6 t | G15: 134 | H15: missing
A16: F015 | B16: CDC Landmark | C16: 2026/05/15 | D16: 160 | E16: 54.7 | F16: 234.9 t | G16: 0.106 | H16: 11.6
A17: F016 | B17: AAC Brandon | C17: May-17-2026 | D17: 160 | E17: 52.9 | F17: 225.5 t | G17: 128.5 | H17: 13
A18: F017 | B18: CDC Landmark | C18: 05-15-2026 | D18: 240 | E18: 63 | F18: 418.7 t | G18: 85.4 | H18: 15.5
A19: F018 | B19: Brandon | C19: 2026-06-27 | D19: 160 | E19: 63.6 | F19: 283.2 t | G19: 0.112 | H19: 15.7
A20: F019 | B20: AAC Viewfield | C20: 2026/05/15 | D20: 120 | E20: 1250 | F20: 177.8 t | G20: 104.1 | H20: 12.6
A21: F020 | B21: Brandon AAC | C21: Jun-11-2026 | D21: 160 | E21: 76.6 | F21: 323.9 t | G21: 84.7 | H21: 13.1
A22: F021 | B22: CDC Landmark | C22: 06-10-2026 | D22: 240 | E22: 65.1 | F22: 431.7 t | G22: 0.129 | H22: 15.4
A23: F022 | B23: Brndon | C23: 2026-05-02 | D23: 320 | E23: 57.5 | F23: 492.0 t | G23: 96.8
A24: F023 | B24: CDC Landmark | C24: 2026/05/09 | D24: 240 | E24: -99 | F24: 365.8 t | G24: 87.2 | H24: 16
A25: F024 | B25: AAC Brandon | C25: Jun-26-2026 | D25: 120 | E25: 46.5 | F25: 150.5 t | G25: 0.124 | H25: 15.3
A26: F025 | B26: AAC Viewfield | C26: 06-10-2026 | D26: 160 | E26: 51.7 | F26: 226.1 t | G26: 100.8 | H26: 11.6
A27: F026 | B27: Brandon | C27: 2026-05-23 | D27: 160 | E27: 59.1 | F27: 252.7 t | G27: 132.9 | H27: 15.7
A28: F027 | B28: CDC Landmark | C28: 2026/05/15 | D28: 80 | E28: 54 | F28: 120.3 t | G28: 0.13 | H28: 12.2
A29: F028 | B29: Brandon AAC | C29: May-22-2026 | D29: 160 | E29: 43.3 | F29: 191.4 t | G29: 103.9 | H29: 15
A30: F029 | B30: CDC Landmark | C30: 05-04-2026 | D30: 160 | E30: 63.3 | F30: 268.5 t | G30: 106.3 | H30: 15.7
A31: F030 | B31: Brndon | C31: 2026-05-11 | D31: 160 | E31: 53.2 | F31: 237.8 t | G31: 0.092 | H31: 9999
A32: F031 | B32: AAC Viewfield | C32: 2026/05/21 | D32: 120 | E32: -99 | F32: 189.5 t | G32: 123.2 | H32: 16
A33: F032 | B33: AAC Brandon | C33: May-15-2026 | D33: 120 | E33: 60.1 | F33: 195.9 t | G33: 100.1 | H33: 15.4
A34: F033 | B34: CDC Landmark | C34: 05-15-2026 | D34: 240 | E34: 58.6 | F34: 386.2 t | G34: 0.08 | H34: 15.4
A35: F034 | B35: Brandon | C35: 2026-06-01 | D35: 120 | E35: 56.8 | F35: 185.9 t | G35: 131.3 | H35: 14.7
... A39: F027 | B39: CDC Landmark | C39: 2026/05/15 | D39: 80 | E39: 54 | F39: 120.3 t | G39: 0.13 | H39: 12.2

Sheet DataSummary
A1: Statistics of numeric / date fields
A2: Statistic | B2: Seeded date | C2: Acres | D2: Yield (bu/ac) | E2: harvest weight | F2: N rate | G2: Moisture %
A3: Count (numbers) | B3: =COUNT(RawData!C2:C39) -> 0 | C3: =COUNT(RawData!D2:D39) -> 38 | D3: =COUNT(RawData!E2:E39) -> 38 | E3: =COUNT(RawData!F2:F39) -> 0 | F3: =COUNT(RawData!G2:G39) -> 38 | G3: =COUNT(RawData!H2:H39) -> 35
A4: Count (non-empty) | B4: =COUNTA(RawData!C2:C39) -> 38 | C4: =COUNTA(RawData!D2:D39) -> 38 | D4: =COUNTA(RawData!E2:E39) -> 38 | E4: =COUNTA(RawData!F2:F39) -> 38 | F4: =COUNTA(RawData!G2:G39) -> 38 | G4: =COUNTA(RawData!H2:H39) -> 37
A5: Minimum | B5: =MIN(RawData!C2:C39) -> 0 | C5: =MIN(RawData!D2:D39) -> 80 | D5: =MIN(RawData!E2:E39) -> -99 | E5: =MIN(RawData!F2:F39) -> 0 | F5: =MIN(RawData!G2:G39) -> 0.08 | G5: =MIN(RawData!H2:H39) -> 11.6
A6: Maximum | B6: =MAX(RawData!C2:C39) -> 0 | C6: =MAX(RawData!D2:D39) -> 320 | D6: =MAX(RawData!E2:E39) -> 1250 | E6: =MAX(RawData!F2:F39) -> 0 | F6: =MAX(RawData!G2:G39) -> 135.9 | G6: =MAX(RawData!H2:H39) -> 9999
A7: Mean | B7: =AVERAGE(RawData!C2:C39) -> #DIV/0! | C7: =AVERAGE(RawData!D2:D39) -> 183.15789 | D7: =AVERAGE(RawData!E2:E39) -> 74.347368 | E7: =AVERAGE(RawData!F2:F39) -> #DIV/0! | F7: =AVERAGE(RawData!G2:G39) -> 66.610895 | G7: =AVERAGE(RawData!H2:H39) -> 299.29429
A8: Median | B8: =MEDIAN(RawData!C2:C39) -> #NUM! | C8: =MEDIAN(RawData!D2:D39) -> 160 | D8: =MEDIAN(RawData!E2:E39) -> 55.85 | E8: =MEDIAN(RawData!F2:F39) -> #NUM! | F8: =MEDIAN(RawData!G2:G39) -> 88.3 | G8: =MEDIAN(RawData!H2:H39) -> 14.5
A10: Table of varieties
A11: Variety | B11: Count
A12: {=_xlfn.UNIQUE(RawData!B2:B39)} -> AAC Viewfield | B12: =COUNTIF(RawData!B2:B39,A12) -> 6
A13: Brandon | B13: =COUNTIF(RawData!B2:B39,A13) -> 5
A14: CDC Landmark | B14: =COUNTIF(RawData!B2:B39,A14) -> 13
A15: Brandon AAC | B15: =COUNTIF(RawData!B2:B39,A15) -> 6
A16: Brndon | B16: =COUNTIF(RawData!B2:B39,A16) -> 4
A17: AAC Brandon | B17: =COUNTIF(RawData!B2:B39,A17) -> 4
A19: Count of observations
A20: Rows | B20: =ROWS(RawData!A2:A39) -> 38
A21: Unique rows | B21: =ROWS(_xlfn.UNIQUE(RawData!A2:H39)) -> 36
A22: Duplicate rows | B22: =B20-B21 -> 2
A24: Issues to fix:
A25: 1. Column names
A26: 2. Seeded date not in date format
A27: 3. Yield has impossible values
A28: 4. Harvest weight should be numeric
A29: 5. N rate in different units, it seems
A30: 6. Moisture has NA coded as 9999
A31: 7. Brandon has multiple entries
A32: 8. Duplicate rows

Sheet clean_data
A1: field_id | B1: variety | C1: seeded_date | D1: acres | E1: yield_bu_ac | F1: harvest_weight | G1: moisture_pct | H1: n_rate_kg
A2: F001 | B2: AAC Viewfield | C2: 46174 | D2: 160 | E2: 67.6 | F2: 297.7 | G2: 12.4 | H2: 97.1
A3: F002 | B3: AAC Brandon | C3: 46155 | D3: 320 | E3: 54.9 | F3: 476 | G3: 14.7 | H3: 96.2
A4: F003 | B4: CDC Landmark | C4: 46177 | D4: 120 | E4: 54.4 | F4: 172.6 | G4: 12.3 | H4: 81
A5: F004 | B5: AAC Brandon | C5: 46191 | D5: 320 | F5: 642.5 | G5: 15.4 | H5: 116.7
A6: F005 | B6: CDC Landmark | C6: 46179 | D6: 320 | E6: 65.8 | F6: 561.5 | G6: 12.3 | H6: 89.9
A7: F006 | B7: AAC Brandon | C7: 46166 | D7: 160 | E7: 50.8 | F7: 222.8 | H7: 113
A8: F007 | B8: AAC Viewfield | C8: 46180 | D8: 80 | F8: 138.6 | G8: 14.5 | H8: 135.9
A9: F008 | B9: AAC Brandon | C9: 46160 | D9: 160 | E9: 60.3 | F9: 264 | G9: 12.4 | H9: 127.3
A10: F009 | B10: CDC Landmark | C10: 46162 | D10: 160 | E10: 51.5 | F10: 226.5 | G10: 13.7 | H10: 81
A11: F010 | B11: AAC Brandon | C11: 46161 | D11: 160 | E11: 58.9 | F11: 256.6 | G11: 16.4 | H11: 92.4
A12: F011 | B12: CDC Landmark | C12: 46160 | D12: 320 | E12: 54.4 | F12: 481.3 | G12: 12 | H12: 82.9
A13: F012 | B13: AAC Brandon | C13: 46159 | D13: 240 | E13: 62 | F13: 402.2 | G13: 13.5 | H13: 103
A14: F013 | B14: AAC Viewfield | C14: 46160 | D14: 240 | E14: 41.5 | F14: 269.8 | G14: 16.5 | H14: 82.7
A15: F014 | B15: AAC Brandon | C15: 46162 | D15: 160 | E15: 57.8 | F15: 249.6 | H15: 134
A16: F015 | B16: CDC Landmark | C16: 46157 | D16: 160 | E16: 54.7 | F16: 234.9 | G16: 11.6 | H16: 106
A17: F016 | B17: AAC Brandon | C17: 46159 | D17: 160 | E17: 52.9 | F17: 225.5 | G17: 13 | H17: 128.5
A18: F017 | B18: CDC Landmark | C18: 46157 | D18: 240 | E18: 63 | F18: 418.7 | G18: 15.5 | H18: 85.4
A19: F018 | B19: AAC Brandon | C19: 46200 | D19: 160 | E19: 63.6 | F19: 283.2 | G19: 15.7 | H19: 112
A20: F019 | B20: AAC Viewfield | C20: 46157 | D20: 120 | F20: 177.8 | G20: 12.6 | H20: 104.1
A21: F020 | B21: AAC Brandon | C21: 46184 | D21: 160 | E21: 76.6 | F21: 323.9 | G21: 13.1 | H21: 84.7
A22: F021 | B22: CDC Landmark | C22: 46183 | D22: 240 | E22: 65.1 | F22: 431.7 | G22: 15.4 | H22: 129
A23: F022 | B23: AAC Brandon | C23: 46144 | D23: 320 | E23: 57.5 | F23: 492 | H23: 96.8
A24: F023 | B24: CDC Landmark | C24: 46151 | D24: 240 | F24: 365.8 | G24: 16 | H24: 87.2
A25: F024 | B25: AAC Brandon | C25: 46199 | D25: 120 | E25: 46.5 | F25: 150.5 | G25: 15.3 | H25: 124
A26: F025 | B26: AAC Viewfield | C26: 46183 | D26: 160 | E26: 51.7 | F26: 226.1 | G26: 11.6 | H26: 100.8
A27: F026 | B27: AAC Brandon | C27: 46165 | D27: 160 | E27: 59.1 | F27: 252.7 | G27: 15.7 | H27: 132.9
A28: F027 | B28: CDC Landmark | C28: 46157 | D28: 80 | E28: 54 | F28: 120.3 | G28: 12.2 | H28: 130
A29: F028 | B29: AAC Brandon | C29: 46164 | D29: 160 | E29: 43.3 | F29: 191.4 | G29: 15 | H29: 103.9
A30: F029 | B30: CDC Landmark | C30: 46146 | D30: 160 | E30: 63.3 | F30: 268.5 | G30: 15.7 | H30: 106.3
A31: F030 | B31: AAC Brandon | C31: 46153 | D31: 160 | E31: 53.2 | F31: 237.8 | H31: 92
A32: F031 | B32: AAC Viewfield | C32: 46163 | D32: 120 | F32: 189.5 | G32: 16 | H32: 123.2
A33: F032 | B33: AAC Brandon | C33: 46157 | D33: 120 | E33: 60.1 | F33: 195.9 | G33: 15.4 | H33: 100.1
A34: F033 | B34: CDC Landmark | C34: 46157 | D34: 240 | E34: 58.6 | F34: 386.2 | G34: 15.4 | H34: 80
A35: F034 | B35: AAC Brandon | C35: 46174 | D35: 120 | E35: 56.8 | F35: 185.9 | G35: 14.7 | H35: 131.3
A36: F035 | B36: CDC Landmark | C36: 46160 | D36: 160 | E36: 50.1 | F36: 215.8 | G36: 11.7 | H36: 89.4
A37: F036 | B37: AAC Brandon | C37: 46159 | D37: 160 | E37: 58.2 | F37: 255.6 | G37: 12.9 | H37: 130
